<Anims>
 <anim name="idle" root="henhouse" numframes="1000" framerate="40">
  <frame idx="0" w="330" h="162" x="1.000000" y="1.000000">
   <element name="symbol0" layername="henhouse" frame="0" z_index="2" m_a="1.000000" m_b="0.000000" m_c="0.000000" m_d="1.000000" m_tx="1.000000" m_ty="1.000000"/>
  </frame>
  <frame idx="25" w="330" h="162" x="1.000000" y="1.000000">
   <element name="symbol0" layername="henhouse" frame="0" z_index="2" m_a="1.000000" m_b="0.000000" m_c="0.000000" m_d="1.000000" m_tx="1.000000" m_ty="1.000000"/>
  </frame>
  <frame idx="50" w="330" h="162" x="1.000000" y="1.000000">
   <element name="symbol0" layername="henhouse" frame="0" z_index="2" m_a="1.000000" m_b="0.000000" m_c="0.000000" m_d="1.000000" m_tx="1.000000" m_ty="1.000000"/>
  </frame>
  <frame idx="75" w="330" h="162" x="1.000000" y="1.000000">
   <element name="symbol0" layername="henhouse" frame="0" z_index="2" m_a="1.000000" m_b="0.000000" m_c="0.000000" m_d="1.000000" m_tx="1.000000" m_ty="1.000000"/>
  </frame>
  <frame idx="100" w="330" h="162" x="1.000000" y="1.000000">
   <element name="symbol0" layername="henhouse" frame="0" z_index="2" m_a="1.000000" m_b="0.000000" m_c="0.000000" m_d="1.000000" m_tx="1.000000" m_ty="1.000000"/>
  </frame>
  <frame idx="125" w="330" h="162" x="1.000000" y="1.000000">
   <element name="symbol0" layername="henhouse" frame="0" z_index="2" m_a="1.000000" m_b="0.000000" m_c="0.000000" m_d="1.000000" m_tx="1.000000" m_ty="1.000000"/>
  </frame>
  <frame idx="150" w="330" h="162" x="1.000000" y="1.000000">
   <element name="symbol0" layername="henhouse" frame="0" z_index="2" m_a="1.000000" m_b="0.000000" m_c="0.000000" m_d="1.000000" m_tx="1.000000" m_ty="1.000000"/>
  </frame>
  <frame idx="175" w="330" h="162" x="1.000000" y="1.000000">
   <element name="symbol0" layername="henhouse" frame="0" z_index="2" m_a="1.000000" m_b="0.000000" m_c="0.000000" m_d="1.000000" m_tx="1.000000" m_ty="1.000000"/>
  </frame>
  <frame idx="200" w="330" h="162" x="1.000000" y="1.000000">
   <element name="symbol0" layername="henhouse" frame="0" z_index="2" m_a="1.000000" m_b="0.000000" m_c="0.000000" m_d="1.000000" m_tx="1.000000" m_ty="1.000000"/>
  </frame>
  <frame idx="225" w="330" h="162" x="1.000000" y="1.000000">
   <element name="symbol0" layername="henhouse" frame="0" z_index="2" m_a="1.000000" m_b="0.000000" m_c="0.000000" m_d="1.000000" m_tx="1.000000" m_ty="1.000000"/>
  </frame>
  <frame idx="250" w="330" h="162" x="1.000000" y="1.000000">
   <element name="symbol0" layername="henhouse" frame="0" z_index="2" m_a="1.000000" m_b="0.000000" m_c="0.000000" m_d="1.000000" m_tx="1.000000" m_ty="1.000000"/>
  </frame>
  <frame idx="275" w="330" h="162" x="1.000000" y="1.000000">
   <element name="symbol0" layername="henhouse" frame="0" z_index="2" m_a="1.000000" m_b="0.000000" m_c="0.000000" m_d="1.000000" m_tx="1.000000" m_ty="1.000000"/>
  </frame>
  <frame idx="300" w="330" h="162" x="1.000000" y="1.000000">
   <element name="symbol0" layername="henhouse" frame="0" z_index="2" m_a="1.000000" m_b="0.000000" m_c="0.000000" m_d="1.000000" m_tx="1.000000" m_ty="1.000000"/>
  </frame>
  <frame idx="325" w="330" h="162" x="1.000000" y="1.000000">
   <element name="symbol0" layername="henhouse" frame="0" z_index="2" m_a="1.000000" m_b="0.000000" m_c="0.000000" m_d="1.000000" m_tx="1.000000" m_ty="1.000000"/>
  </frame>
  <frame idx="350" w="330" h="162" x="1.000000" y="1.000000">
   <element name="symbol0" layername="henhouse" frame="0" z_index="2" m_a="1.000000" m_b="0.000000" m_c="0.000000" m_d="1.000000" m_tx="1.000000" m_ty="1.000000"/>
  </frame>
  <frame idx="375" w="330" h="162" x="1.000000" y="1.000000">
   <element name="symbol0" layername="henhouse" frame="0" z_index="2" m_a="1.000000" m_b="0.000000" m_c="0.000000" m_d="1.000000" m_tx="1.000000" m_ty="1.000000"/>
  </frame>
  <frame idx="400" w="330" h="162" x="1.000000" y="1.000000">
   <element name="symbol0" layername="henhouse" frame="0" z_index="2" m_a="1.000000" m_b="0.000000" m_c="0.000000" m_d="1.000000" m_tx="1.000000" m_ty="1.000000"/>
  </frame>
  <frame idx="425" w="330" h="162" x="1.000000" y="1.000000">
   <element name="symbol0" layername="henhouse" frame="0" z_index="2" m_a="1.000000" m_b="0.000000" m_c="0.000000" m_d="1.000000" m_tx="1.000000" m_ty="1.000000"/>
  </frame>
  <frame idx="450" w="330" h="162" x="1.000000" y="1.000000">
   <element name="symbol0" layername="henhouse" frame="0" z_index="2" m_a="1.000000" m_b="0.000000" m_c="0.000000" m_d="1.000000" m_tx="1.000000" m_ty="1.000000"/>
  </frame>
  <frame idx="475" w="330" h="162" x="1.000000" y="1.000000">
   <element name="symbol0" layername="henhouse" frame="0" z_index="2" m_a="1.000000" m_b="0.000000" m_c="0.000000" m_d="1.000000" m_tx="1.000000" m_ty="1.000000"/>
  </frame>
  <frame idx="500" w="330" h="162" x="1.000000" y="1.000000">
   <element name="symbol0" layername="henhouse" frame="0" z_index="2" m_a="1.000000" m_b="0.000000" m_c="0.000000" m_d="1.000000" m_tx="1.000000" m_ty="1.000000"/>
  </frame>
  <frame idx="525" w="330" h="162" x="1.000000" y="1.000000">
   <element name="symbol0" layername="henhouse" frame="0" z_index="2" m_a="1.000000" m_b="0.000000" m_c="0.000000" m_d="1.000000" m_tx="1.000000" m_ty="1.000000"/>
  </frame>
  <frame idx="550" w="330" h="162" x="1.000000" y="1.000000">
   <element name="symbol0" layername="henhouse" frame="0" z_index="2" m_a="1.000000" m_b="0.000000" m_c="0.000000" m_d="1.000000" m_tx="1.000000" m_ty="1.000000"/>
  </frame>
  <frame idx="575" w="330" h="162" x="1.000000" y="1.000000">
   <element name="symbol0" layername="henhouse" frame="0" z_index="2" m_a="1.000000" m_b="0.000000" m_c="0.000000" m_d="1.000000" m_tx="1.000000" m_ty="1.000000"/>
  </frame>
  <frame idx="600" w="330" h="162" x="1.000000" y="1.000000">
   <element name="symbol0" layername="henhouse" frame="0" z_index="2" m_a="1.000000" m_b="0.000000" m_c="0.000000" m_d="1.000000" m_tx="1.000000" m_ty="1.000000"/>
  </frame>
  <frame idx="625" w="330" h="162" x="1.000000" y="1.000000">
   <element name="symbol0" layername="henhouse" frame="0" z_index="2" m_a="1.000000" m_b="0.000000" m_c="0.000000" m_d="1.000000" m_tx="1.000000" m_ty="1.000000"/>
  </frame>
  <frame idx="650" w="330" h="162" x="1.000000" y="1.000000">
   <element name="symbol0" layername="henhouse" frame="0" z_index="2" m_a="1.000000" m_b="0.000000" m_c="0.000000" m_d="1.000000" m_tx="1.000000" m_ty="1.000000"/>
  </frame>
  <frame idx="675" w="330" h="162" x="1.000000" y="1.000000">
   <element name="symbol0" layername="henhouse" frame="0" z_index="2" m_a="1.000000" m_b="0.000000" m_c="0.000000" m_d="1.000000" m_tx="1.000000" m_ty="1.000000"/>
  </frame>
  <frame idx="700" w="330" h="162" x="1.000000" y="1.000000">
   <element name="symbol0" layername="henhouse" frame="0" z_index="2" m_a="1.000000" m_b="0.000000" m_c="0.000000" m_d="1.000000" m_tx="1.000000" m_ty="1.000000"/>
  </frame>
  <frame idx="725" w="330" h="162" x="1.000000" y="1.000000">
   <element name="symbol0" layername="henhouse" frame="0" z_index="2" m_a="1.000000" m_b="0.000000" m_c="0.000000" m_d="1.000000" m_tx="1.000000" m_ty="1.000000"/>
  </frame>
  <frame idx="750" w="330" h="162" x="1.000000" y="1.000000">
   <element name="symbol0" layername="henhouse" frame="0" z_index="2" m_a="1.000000" m_b="0.000000" m_c="0.000000" m_d="1.000000" m_tx="1.000000" m_ty="1.000000"/>
  </frame>
  <frame idx="775" w="330" h="162" x="1.000000" y="1.000000">
   <element name="symbol0" layername="henhouse" frame="0" z_index="2" m_a="1.000000" m_b="0.000000" m_c="0.000000" m_d="1.000000" m_tx="1.000000" m_ty="1.000000"/>
  </frame>
  <frame idx="800" w="330" h="162" x="1.000000" y="1.000000">
   <element name="symbol0" layername="henhouse" frame="0" z_index="2" m_a="1.000000" m_b="0.000000" m_c="0.000000" m_d="1.000000" m_tx="1.000000" m_ty="1.000000"/>
  </frame>
  <frame idx="825" w="330" h="162" x="1.000000" y="1.000000">
   <element name="symbol0" layername="henhouse" frame="0" z_index="2" m_a="1.000000" m_b="0.000000" m_c="0.000000" m_d="1.000000" m_tx="1.000000" m_ty="1.000000"/>
  </frame>
  <frame idx="850" w="330" h="162" x="1.000000" y="1.000000">
   <element name="symbol0" layername="henhouse" frame="0" z_index="2" m_a="1.000000" m_b="0.000000" m_c="0.000000" m_d="1.000000" m_tx="1.000000" m_ty="1.000000"/>
  </frame>
  <frame idx="875" w="330" h="162" x="1.000000" y="1.000000">
   <element name="symbol0" layername="henhouse" frame="0" z_index="2" m_a="1.000000" m_b="0.000000" m_c="0.000000" m_d="1.000000" m_tx="1.000000" m_ty="1.000000"/>
  </frame>
  <frame idx="900" w="330" h="162" x="1.000000" y="1.000000">
   <element name="symbol0" layername="henhouse" frame="0" z_index="2" m_a="1.000000" m_b="0.000000" m_c="0.000000" m_d="1.000000" m_tx="1.000000" m_ty="1.000000"/>
  </frame>
  <frame idx="925" w="330" h="162" x="1.000000" y="1.000000">
   <element name="symbol0" layername="henhouse" frame="0" z_index="2" m_a="1.000000" m_b="0.000000" m_c="0.000000" m_d="1.000000" m_tx="1.000000" m_ty="1.000000"/>
  </frame>
  <frame idx="950" w="330" h="162" x="1.000000" y="1.000000">
   <element name="symbol0" layername="henhouse" frame="0" z_index="2" m_a="1.000000" m_b="0.000000" m_c="0.000000" m_d="1.000000" m_tx="1.000000" m_ty="1.000000"/>
  </frame>
  <frame idx="975" w="330" h="162" x="1.000000" y="1.000000">
   <element name="symbol0" layername="henhouse" frame="0" z_index="2" m_a="1.000000" m_b="0.000000" m_c="0.000000" m_d="1.000000" m_tx="1.000000" m_ty="1.000000"/>
  </frame>
 </anim>
 <anim name="hit" root="henhouse" numframes="1000" framerate="40">
  <frame idx="0" w="330" h="162" x="1.000000" y="1.000000">
   <element name="symbol0" layername="henhouse" frame="0" z_index="2" m_a="1.000000" m_b="0.000000" m_c="0.000000" m_d="1.000000" m_tx="1.000000" m_ty="1.000000"/>
  </frame>
  <frame idx="25" w="330" h="163" x="1.743805" y="0.504135">
   <element name="symbol0" layername="henhouse" frame="0" z_index="2" m_a="1.000000" m_b="0.000000" m_c="0.000000" m_d="1.000000" m_tx="1.743802" m_ty="0.504132"/>
  </frame>
  <frame idx="50" w="329" h="163" x="2.487610" y="0.008263">
   <element name="symbol0" layername="henhouse" frame="0" z_index="2" m_a="1.000000" m_b="0.000000" m_c="0.000000" m_d="1.000000" m_tx="2.487603" m_ty="0.008264"/>
  </frame>
  <frame idx="75" w="328" h="164" x="3.231400" y="-0.487602">
   <element name="symbol0" layername="henhouse" frame="0" z_index="2" m_a="1.000000" m_b="0.000000" m_c="0.000000" m_d="1.000000" m_tx="3.231405" m_ty="-0.487604"/>
  </frame>
  <frame idx="100" w="328" h="164" x="3.975204" y="-0.983475">
   <element name="symbol0" layername="henhouse" frame="0" z_index="2" m_a="1.000000" m_b="0.000000" m_c="0.000000" m_d="1.000000" m_tx="3.975207" m_ty="-0.983471"/>
  </frame>
  <frame idx="125" w="327" h="165" x="4.719009" y="-1.479340">
   <element name="symbol0" layername="henhouse" frame="0" z_index="2" m_a="1.000000" m_b="0.000000" m_c="0.000000" m_d="1.000000" m_tx="4.719008" m_ty="-1.479339"/>
  </frame>
  <frame idx="150" w="326" h="165" x="5.462814" y="-1.975204">
   <element name="symbol0" layername="henhouse" frame="0" z_index="2" m_a="1.000000" m_b="0.000000" m_c="0.000000" m_d="1.000000" m_tx="5.462811" m_ty="-1.975207"/>
  </frame>
  <frame idx="175" w="325" h="167" x="6.206604" y="-2.471077">
   <element name="symbol0" layername="henhouse" frame="0" z_index="2" m_a="1.000000" m_b="0.000000" m_c="0.000000" m_d="1.000000" m_tx="6.206612" m_ty="-2.471075"/>
  </frame>
  <frame idx="200" w="325" h="167" x="6.950409" y="-2.966942">
   <element name="symbol0" layername="henhouse" frame="0" z_index="2" m_a="1.000000" m_b="0.000000" m_c="0.000000" m_d="1.000000" m_tx="6.950414" m_ty="-2.966943"/>
  </frame>
  <frame idx="225" w="324" h="168" x="7.694214" y="-3.462814">
   <element name="symbol0" layername="henhouse" frame="0" z_index="2" m_a="1.000000" m_b="0.000000" m_c="0.000000" m_d="1.000000" m_tx="7.694215" m_ty="-3.462811"/>
  </frame>
  <frame idx="250" w="323" h="168" x="8.438019" y="-3.958679">
   <element name="symbol0" layername="henhouse" frame="0" z_index="2" m_a="1.000000" m_b="0.000000" m_c="0.000000" m_d="1.000000" m_tx="8.438017" m_ty="-3.958678"/>
  </frame>
  <frame idx="275" w="323" h="169" x="8.396698" y="-4.082642">
   <element name="symbol0" layername="henhouse" frame="0" z_index="2" m_a="1.000000" m_b="0.000000" m_c="0.000000" m_d="1.000000" m_tx="8.396694" m_ty="-4.082645"/>
  </frame>
  <frame idx="300" w="323" h="169" x="8.355377" y="-4.206612">
   <element name="symbol0" layername="henhouse" frame="0" z_index="2" m_a="1.000000" m_b="0.000000" m_c="0.000000" m_d="1.000000" m_tx="8.355372" m_ty="-4.206612"/>
  </frame>
  <frame idx="325" w="323" h="169" x="8.314056" y="-4.330582">
   <element name="symbol0" layername="henhouse" frame="0" z_index="2" m_a="1.000000" m_b="0.000000" m_c="0.000000" m_d="1.000000" m_tx="8.314050" m_ty="-4.330579"/>
  </frame>
  <frame idx="350" w="323" h="169" x="8.272736" y="-4.454544">
   <element name="symbol0" layername="henhouse" frame="0" z_index="2" m_a="1.000000" m_b="0.000000" m_c="0.000000" m_d="1.000000" m_tx="8.272728" m_ty="-4.454546"/>
  </frame>
  <frame idx="375" w="323" h="169" x="8.231400" y="-4.578514">
   <element name="symbol0" layername="henhouse" frame="0" z_index="2" m_a="1.000000" m_b="0.000000" m_c="0.000000" m_d="1.000000" m_tx="8.231405" m_ty="-4.578513"/>
  </frame>
  <frame idx="400" w="323" h="169" x="8.190079" y="-4.702477">
   <element name="symbol0" layername="henhouse" frame="0" z_index="2" m_a="1.000000" m_b="0.000000" m_c="0.000000" m_d="1.000000" m_tx="8.190083" m_ty="-4.702480"/>
  </frame>
  <frame idx="425" w="323" h="169" x="8.148758" y="-4.826447">
   <element name="symbol0" layername="henhouse" frame="0" z_index="2" m_a="1.000000" m_b="0.000000" m_c="0.000000" m_d="1.000000" m_tx="8.148761" m_ty="-4.826447"/>
  </frame>
  <frame idx="450" w="323" h="169" x="8.107437" y="-4.950417">
   <element name="symbol0" layername="henhouse" frame="0" z_index="2" m_a="1.000000" m_b="0.000000" m_c="0.000000" m_d="1.000000" m_tx="8.107438" m_ty="-4.950414"/>
  </frame>
  <frame idx="475" w="323" h="170" x="8.066116" y="-5.074379">
   <element name="symbol0" layername="henhouse" frame="0" z_index="2" m_a="1.000000" m_b="0.000000" m_c="0.000000" m_d="1.000000" m_tx="8.066115" m_ty="-5.074380"/>
  </frame>
  <frame idx="500" w="323" h="170" x="8.024796" y="-5.198349">
   <element name="symbol0" layername="henhouse" frame="0" z_index="2" m_a="1.000000" m_b="0.000000" m_c="0.000000" m_d="1.000000" m_tx="8.024794" m_ty="-5.198348"/>
  </frame>
  <frame idx="525" w="324" h="170" x="7.983475" y="-5.322311">
   <element name="symbol0" layername="henhouse" frame="0" z_index="2" m_a="1.000000" m_b="0.000000" m_c="0.000000" m_d="1.000000" m_tx="7.983471" m_ty="-5.322314"/>
  </frame>
  <frame idx="550" w="324" h="170" x="7.942154" y="-5.446281">
   <element name="symbol0" layername="henhouse" frame="0" z_index="2" m_a="1.000000" m_b="0.000000" m_c="0.000000" m_d="1.000000" m_tx="7.942149" m_ty="-5.446281"/>
  </frame>
  <frame idx="575" w="324" h="170" x="7.900833" y="-5.570251">
   <element name="symbol0" layername="henhouse" frame="0" z_index="2" m_a="1.000000" m_b="0.000000" m_c="0.000000" m_d="1.000000" m_tx="7.900826" m_ty="-5.570248"/>
  </frame>
  <frame idx="600" w="324" h="170" x="7.859497" y="-5.694214">
   <element name="symbol0" layername="henhouse" frame="0" z_index="2" m_a="1.000000" m_b="0.000000" m_c="0.000000" m_d="1.000000" m_tx="7.859504" m_ty="-5.694215"/>
  </frame>
  <frame idx="625" w="324" h="170" x="7.818176" y="-5.818184">
   <element name="symbol0" layername="henhouse" frame="0" z_index="2" m_a="1.000000" m_b="0.000000" m_c="0.000000" m_d="1.000000" m_tx="7.818182" m_ty="-5.818182"/>
  </frame>
  <frame idx="650" w="324" h="170" x="7.776855" y="-5.942146">
   <element name="symbol0" layername="henhouse" frame="0" z_index="2" m_a="1.000000" m_b="0.000000" m_c="0.000000" m_d="1.000000" m_tx="7.776859" m_ty="-5.942149"/>
  </frame>
  <frame idx="675" w="324" h="171" x="7.735535" y="-6.066116">
   <element name="symbol0" layername="henhouse" frame="0" z_index="2" m_a="1.000000" m_b="0.000000" m_c="0.000000" m_d="1.000000" m_tx="7.735537" m_ty="-6.066116"/>
  </frame>
  <frame idx="700" w="324" h="171" x="7.694214" y="-6.190086">
   <element name="symbol0" layername="henhouse" frame="0" z_index="2" m_a="1.000000" m_b="0.000000" m_c="0.000000" m_d="1.000000" m_tx="7.694215" m_ty="-6.190083"/>
  </frame>
  <frame idx="725" w="324" h="171" x="7.652893" y="-6.314049">
   <element name="symbol0" layername="henhouse" frame="0" z_index="2" m_a="1.000000" m_b="0.000000" m_c="0.000000" m_d="1.000000" m_tx="7.652892" m_ty="-6.314050"/>
  </frame>
  <frame idx="750" w="324" h="171" x="7.611572" y="-6.438019">
   <element name="symbol0" layername="henhouse" frame="0" z_index="2" m_a="1.000000" m_b="0.000000" m_c="0.000000" m_d="1.000000" m_tx="7.611570" m_ty="-6.438017"/>
  </frame>
  <frame idx="775" w="325" h="170" x="6.950409" y="-5.694214">
   <element name="symbol0" layername="henhouse" frame="0" z_index="2" m_a="1.000000" m_b="0.000000" m_c="0.000000" m_d="1.000000" m_tx="6.950413" m_ty="-5.694215"/>
  </frame>
  <frame idx="800" w="325" h="169" x="6.289261" y="-4.950417">
   <element name="symbol0" layername="henhouse" frame="0" z_index="2" m_a="1.000000" m_b="0.000000" m_c="0.000000" m_d="1.000000" m_tx="6.289256" m_ty="-4.950414"/>
  </frame>
  <frame idx="825" w="326" h="169" x="5.628098" y="-4.206612">
   <element name="symbol0" layername="henhouse" frame="0" z_index="2" m_a="1.000000" m_b="0.000000" m_c="0.000000" m_d="1.000000" m_tx="5.628099" m_ty="-4.206612"/>
  </frame>
  <frame idx="850" w="327" h="168" x="4.966949" y="-3.462807">
   <element name="symbol0" layername="henhouse" frame="0" z_index="2" m_a="1.000000" m_b="0.000000" m_c="0.000000" m_d="1.000000" m_tx="4.966942" m_ty="-3.462810"/>
  </frame>
  <frame idx="875" w="327" h="167" x="4.305786" y="-2.719009">
   <element name="symbol0" layername="henhouse" frame="0" z_index="2" m_a="1.000000" m_b="0.000000" m_c="0.000000" m_d="1.000000" m_tx="4.305785" m_ty="-2.719008"/>
  </frame>
  <frame idx="900" w="328" h="165" x="3.644623" y="-1.975204">
   <element name="symbol0" layername="henhouse" frame="0" z_index="2" m_a="1.000000" m_b="0.000000" m_c="0.000000" m_d="1.000000" m_tx="3.644628" m_ty="-1.975206"/>
  </frame>
  <frame idx="925" w="329" h="165" x="2.983475" y="-1.231407">
   <element name="symbol0" layername="henhouse" frame="0" z_index="2" m_a="1.000000" m_b="0.000000" m_c="0.000000" m_d="1.000000" m_tx="2.983471" m_ty="-1.231405"/>
  </frame>
  <frame idx="950" w="329" h="164" x="2.322311" y="-0.487602">
   <element name="symbol0" layername="henhouse" frame="0" z_index="2" m_a="1.000000" m_b="0.000000" m_c="0.000000" m_d="1.000000" m_tx="2.322314" m_ty="-0.487603"/>
  </frame>
  <frame idx="975" w="330" h="163" x="1.661163" y="0.256195">
   <element name="symbol0" layername="henhouse" frame="0" z_index="2" m_a="1.000000" m_b="0.000000" m_c="0.000000" m_d="1.000000" m_tx="1.661157" m_ty="0.256198"/>
  </frame>
 </anim>
</Anims>
